{
    "mean_precision": 0.625,
    "variance_precision": 0.0,
    "mean_pr_auc": 0.3034116126692852,
    "variance_pr_auc": 5.644953963851044e-06
}