{
    "random_state": 0,
    "best_params": {
        "classifier__C": 10,
        "classifier__penalty": "l1",
        "classifier__solver": "liblinear"
    },
    "precision": 0.3770491803278688,
    "recall": 0.696969696969697,
    "f1": 0.48936170212765956,
    "pr_auc": 0.6256975416323655,
    "conf_matrix": [
        [
            153,
            38
        ],
        [
            10,
            23
        ]
    ]
}