{
    "random_state": 2,
    "best_params": {
        "classifier__C": 100,
        "classifier__penalty": "l1",
        "classifier__solver": "liblinear"
    },
    "precision": 0.3898305084745763,
    "recall": 0.696969696969697,
    "f1": 0.5,
    "pr_auc": 0.6244626065728389,
    "conf_matrix": [
        [
            155,
            36
        ],
        [
            10,
            23
        ]
    ]
}