{
    "precision_mean": 0.3821617115865518,
    "precision_variance": 3.9206963806515924e-05,
    "pr_auc_mean": 0.6252035676085549,
    "pr_auc_variance": 3.660155042994783e-07
}