{
    "mean_precision": 0.5809803921568626,
    "variance_precision": 0.00022489309449269892,
    "mean_pr_auc": 0.5752479349412957,
    "variance_pr_auc": 0.00018097927316559407
}