{
    "random_state": 0,
    "best_params": {
        "max_depth": 30,
        "max_features": 0.75,
        "min_samples_split": 16
    },
    "precision": 0.6071428571428571,
    "pr_auc": 0.5532139694226067,
    "conf_matrix": [
        [
            180,
            11
        ],
        [
            16,
            17
        ]
    ]
}