{
    "random_state": 2,
    "best_params": {
        "max_depth": 30,
        "max_features": 0.5,
        "min_samples_split": 16
    },
    "precision": 0.5714285714285714,
    "pr_auc": 0.5796680793793617,
    "conf_matrix": [
        [
            179,
            12
        ],
        [
            17,
            16
        ]
    ]
}