{
    "random_state": 100,
    "best_params": {
        "max_depth": 30,
        "max_features": 0.5,
        "min_samples_split": 16
    },
    "precision": 0.5666666666666667,
    "pr_auc": 0.5672464383261764,
    "conf_matrix": [
        [
            178,
            13
        ],
        [
            16,
            17
        ]
    ]
}