{
    "random_state": 42,
    "best_params": {
        "colsample_bytree": 0.6,
        "gamma": 0.3,
        "learning_rate": 0.1,
        "max_depth": 10,
        "scale_pos_weight": 5.711610486891386,
        "subsample": 0.8
    },
    "precision": 0.76,
    "recall": 0.5588235294117647,
    "f1": 0.6440677966101694,
    "pr_auc": 0.7193268735964142,
    "conf_matrix": [
        [
            184,
            6
        ],
        [
            15,
            19
        ]
    ]
}