{
    "random_state": 1,
    "best_params": {
        "colsample_bytree": 0.6,
        "gamma": 0.3,
        "learning_rate": 0.2,
        "max_depth": 10,
        "scale_pos_weight": 5.711610486891386,
        "subsample": 0.8
    },
    "precision": 0.6923076923076923,
    "recall": 0.5294117647058824,
    "f1": 0.6,
    "pr_auc": 0.7017798818799188,
    "conf_matrix": [
        [
            182,
            8
        ],
        [
            16,
            18
        ]
    ]
}