{
    "random_state": 100,
    "best_params": {
        "colsample_bytree": 0.6,
        "gamma": 0,
        "learning_rate": 0.1,
        "max_depth": 10,
        "scale_pos_weight": 5.711610486891386,
        "subsample": 0.8
    },
    "precision": 0.7727272727272727,
    "recall": 0.5,
    "f1": 0.6071428571428571,
    "pr_auc": 0.6901346603531181,
    "conf_matrix": [
        [
            185,
            5
        ],
        [
            17,
            17
        ]
    ]
}